Title,A,B
Top,21544.0879922513,-0.00310709034371704
Center,74.1194527087076,-4.81143296408348
Outer Surface,68.7318295091293,-5.44439818850383
