Title,A,B
Coil Top,17761.79584,-0.012634044
Coil Center,17736.67153,-0.012724399
Outside of Coil,17735.01855,-0.01272617
,,
fit over 100s,,
